日期,憲基金,憲美股,憲台股,萱基金,萱美股,萱台股,傑基金,傑美股,傑台股,文基金,文美股,文台股
2026-05-05,2841430,0,0,3036777,0,0,8008017,0,0,7832617,0,0
2026-05-06,2973594,0,0,3158056,0,0,8345953,0,0,8165134,0,0
2026-05-07,3146532,0,0,3321382,0,0,8783468,0,0,8596734,0,0
2026-05-08,3075699,0,0,3248713,0,0,8610098,0,0,8424316,0,0
2026-05-11,3309809,0,0,3473284,0,0,9198859,0,0,9005957,0,0
2026-05-12,3349382,0,0,3502857,0,0,9297316,0,0,9103482,0,0
2026-05-13,3198334,0,0,3368951,0,0,8915892,0,0,8727041,0,0
2026-05-14,3335192,0,0,3498466,0,0,9261856,0,0,9068394,0,0
2026-05-15,3120711,0,0,3288974,0,0,8726243,0,0,8538348,0,0
2026-05-18,3118636,0,0,3285331,0,0,8722693,0,0,8534442,0,0
2026-05-19,2961802,0,0,3130901,0,0,8332300,0,0,8147803,0,0
2026-05-20,2926327,0,0,3098157,0,0,8241792,0,0,8058699,0,0
2026-05-21,3093240,0,0,3262899,0,0,8656883,0,0,8469895,0,0
2026-05-22,3217794,0,0,3386499,0,0,8965955,0,0,8776230,0,0
2026-05-25,3405754,0,0,3568815,0,0,9436626,0,0,9241698,0,0
2026-05-26,3600986,0,0,3752823,0,0,9930919,0,0,9729220,0,0
2026-05-27,3672608,0,0,3819494,0,0,10113091,0,0,9908697,0,0
2026-05-28,3565262,0,0,3710416,0,0,9849300,0,0,9646614,0,0
2026-05-29,3732362,0,0,3866260,0,0,10274029,0,0,10065129,0,0
2026-06-01,3774769,0,0,3905638,0,0,10381991,0,0,10171469,0,0
2026-06-02,3716599,0,0,3845973,0,0,10239606,0,0,10029867,0,0
2026-06-03,3726658,0,0,3861783,0,0,10258678,0,0,10050206,0,0
2026-06-04,3555780,0,0,3700232,0,0,9826556,0,0,9623882,0,0
2026-06-08,3262736,0,0,3418337,0,0,9090370,0,0,8896407,0,0
2026-06-09,3384060,0,0,3537194,0,0,9392987,0,0,9195964,0,0
2026-06-10,3183366,0,0,3338987,0,0,8894009,0,0,8701639,0,0
2026-06-11,3228516,0,0,3381336,0,0,9008528,0,0,8814540,0,0
2026-06-12,3427230,0,0,3573301,0,0,9506916,0,0,9307228,0,0
2026-06-15,3627994,0,0,3764163,0,0,10013382,0,0,9807167,0,0
2026-06-16,3708187,0,0,3839512,0,0,10216829,0,0,10007758,0,0
2026-06-17,3747565,0,0,3874495,0,0,10318676,0,0,10107696,0,0
2026-06-18,3831654,0,0,3954749,0,0,10530566,0,0,10316925,0,0
2026-06-22,3934547,41955,111212,4053249,9723,0,10789538,21108,31211,10572717,26558,6300
2026-06-23,3861183,40998,106486,3981670,9516,0,10606244,20372,29737,10391348,25861,5475
2026-06-24,3821947,32244,92129,3942325,7510,0,10509302,15071,25217,10295161,19918,3155
2026-06-25,3976605,31500,92325,4084633,7289,0,10904355,14551,25273,10683973,19324,3188
2026-06-26,3707280,33453,74355,3824082,7787,0,10229255,15730,19561,10016503,20687,0
2026-07-01,4003357,42160,104403,4108528,9739,12345,10973422,20720,29509,10751775,26167,5485
2026-07-02,4063298,38039,101115,4165770,8592,12121,11124431,18491,28396,10900894,23596,4952
2026-07-03,4127505,33534,98716,4224960,7364,11935,11288322,15964,27576,11062224,20683,4504
2026-07-06,4142466,33555,98596,4230003,7369,11894,11335353,15975,27494,11106428,20697,4352
2026-07-07,3898069,38393,89088,3993833,8352,11051,10722468,18672,24036,10500535,23658,2029
2026-07-08,4055740,33092,86620,4141431,7362,10875,11122678,15781,23123,10895021,20473,1545
2026-07-09,4197302,40300,88088,4269983,8868,10965,11486015,19803,23610,11252207,24855,1711
2026-07-10,4197302,40300,88088,4269983,8868,10965,11486015,19803,23610,11252207,24855,1711
2026-07-13,4197302,40300,88088,4269983,8868,10965,11486015,19803,23610,11252207,24855,1711
2026-07-14,4216932,37418,87490,4269983,8868,10965,11543829,13858,23808,11307294,19895,1841
2026-07-15,4348731,37418,89534,4407549,8206,11104,11874613,18251,24217,11634241,23153,2176
2026-07-16,4162091,36999,90779,4233086,7805,11152,11400612,18176,24676,11167079,22980,2318
2026-07-17,3838949,31216,56989,3917740,6350,8122,10593367,15137,11401,10368293,19617,-6369
2026-07-20,3722465,25661,53203,3806458,5221,7661,10299964,11930,9814,10078548,16162,-7774
2026-07-21,3746264,25608,71462,3839923,5313,9262,10349063,11885,17147,10123633,16150,-2816
2026-07-22,5967179,454630,569626,4048986,76743,87914,15021074,257010,233039,14836025,270827,161902
2026-07-23,5820244,453907,572917,5574777,82299,88010,14645755,256305,236095,14466635,270028,164889
2026-07-24,5611903,445767,563520,5372371,79635,86089,14124375,255896,233906,13950941,269028,164246
2026-07-27,5636661,445767,571122,5395533,79635,85958,14187236,255896,242210,14012899,269028,172668
2026-07-28,5352240,457632,550659,5118628,79088,96330,13476050,260629,237404,13309327,273668,168264
2026-07-29,5030504,458011,534035,4809443,83834,92923,12667485,265620,231888,12510403,278453,165193
2026-07-30,4975058,448137,536066,4760089,81680,92861,12524166,260571,234389,12369747,273089,167739
2026-07-31,5310558,468614,592641,5084214,85145,102140,13365604,268269,260805,13201565,281384,187496
2026-08-03,5437188,469215,595332,5209614,85198,100806,13680091,268736,266868,13513204,281863,194514
2026-08-04,5598486,490119,589850,5361736,86907,99211,14088373,285932,266068,13915917,299380,194858
2026-08-05,5654412,505084,611563,5421808,90246,102489,14232987,293975,277426,14059641,308035,203863
2026-08-06,5671596,505049,610714,5437479,88934,101598,14266571,290915,278698,14093320,304724,205774
2026-08-07,5565189,517442,611362,5335579,89766,101370,13998794,298346,280516,13828823,312286,207757
2026-08-10,5701827,517442,632578,5466557,89766,106399,14342521,298346,295249,14168372,312286,219342
2026-08-11,5690113,522853,637841,5457986,94621,106855,14310363,302906,299246,14137251,316753,223007
2026-08-12,5853321,531090,647368,5615305,94648,107766,14720049,307997,303977,14542166,321816,227232
2026-08-13,5969716,534305,659046,5725507,95476,109100,15014231,309367,311034,14832439,323319,233353
2026-08-14,5924353,540727,659072,5682789,96246,108329,14899351,317340,312667,14719140,331463,235570
2026-08-17,6001593,537856,668120,5755631,95760,112267,15094862,315630,321479,14911983,329686,244303
2026-08-18,5991319,548229,666432,5742210,100955,110841,15072625,318470,319795,14889151,332449,243578
2026-08-19,5807299,543510,658231,5565892,98958,109091,14609630,320993,317314,14431804,334678,242285
2026-08-20,5866078,541936,665895,5622936,98385,109958,14756785,320790,322474,14577338,334406,246836
2026-08-21,5804074,544213,674776,5563920,97862,111076,14600386,318634,328216,14422942,332168,251788
2026-08-24,5851164,552635,677521,5605061,97825,113799,14722882,324299,334100,14542983,337833,258462
2026-08-25,5884390,550573,684721,5637551,102287,114614,14805819,327684,339078,14625065,341019,262879
2026-08-26,5974266,559861,696901,5723350,103137,115988,15032269,329472,346701,14848675,342925,269621
2026-08-27,5983833,559444,697619,5733685,103101,116035,15055159,334845,349963,14871571,348295,272867
2026-08-28,6076139,563816,703204,5852978,104207,120830,15288561,337301,358125,15101846,350955,278070
2026-08-31,5966986,560842,701498,5717028,108377,120051,15013290,340505,364398,14830088,353996,284856
2026-09-01,6125254,566903,715549,5868442,108620,122330,15411727,340598,374693,15223610,354145,293683
